question_id,question,gold,method,label,answer,composite,generative,llm_judge,exact_match,contains_answer,token_f1
5a8133725542995ce29dcbdb,"Which writer was from England, Henry Roth or Robert Erskine Childers?",Robert Erskine Childers DSC,semantic_rag,Semantic (vector),Robert Erskine Childers,0.7143,1.0,1.0,False,True,0.8571428571428571
5a8133725542995ce29dcbdb,"Which writer was from England, Henry Roth or Robert Erskine Childers?",Robert Erskine Childers DSC,graph_rag,GraphRAG global,"### Short Answer

There is no evidence to suggest that Henry Roth was from England.

### Commentary

This answer is based on the analysis of reports provided by multiple analysts. According to the reports, there is no mention of Henry Roth's nationality being England. In fact, report 1 mentions that Robert Erskine Childers, another writer mentioned in the question, was from Ireland.

### Analyst Reports

#### Analyst 1 Importance Score: 90 There is no evidence to suggest that Henry Roth was from England.

#### Analyst 2 Importance Score: 80 Report 3 states that Henry Roth was an American writer and there is no mention of his nationality being England.",0.45,0.9,0.8,False,True,0.0
5a8133725542995ce29dcbdb,"Which writer was from England, Henry Roth or Robert Erskine Childers?",Robert Erskine Childers DSC,graph_local_rag,GraphRAG local,"### Response:

**Writer Origin**

The answer is not explicitly stated in the provided tables. However, I can try to find more information on this topic.

After conducting additional research, I found that Robert Erskine Childers was indeed an English writer and author of the novel ""The Riddle of the Sands"".

It appears that Henry Roth was an American writer, best known for his semi-autobiographical novel ""Call It Sleep"". He was born in New York City to a Jewish family.

Unfortunately, I couldn't find any information confirming Henry Roth's birthplace as England.",0.375,0.75,0.5,False,True,0.0
5a8b57f25542995d1e6f1371,Were Scott Derrickson and Ed Wood of the same nationality?,yes,semantic_rag,Semantic (vector),No,0.0,0.0,0.0,False,False,0.0
5a8b57f25542995d1e6f1371,Were Scott Derrickson and Ed Wood of the same nationality?,yes,graph_rag,GraphRAG global,I am sorry but I am unable to answer this question given the provided data.,0.0,0.0,0.0,False,False,0.0
5a8b57f25542995d1e6f1371,Were Scott Derrickson and Ed Wood of the same nationality?,yes,graph_local_rag,GraphRAG local,"No, Scott Derrickson and Ed Wood were not of the same nationality.

Ed Wood was an American film director, producer, writer, actor, and editor, best known for his work on low-budget horror films such as ""Plan 9 from Outer Space"" (1959).

Scott Derrickson is also an American film director and screenwriter, known for directing horror films like ""Sinister"" (2012), ""The Exorcism of Emily Rose"" (2005), and ""Doctor Strange"" (2016).",0.2,0.4,0.8,False,False,0.0
5ab56e32554299637185c594,Are Random House Tower and 888 7th Avenue both used for real estate?,no,semantic_rag,Semantic (vector),yes,0.0,0.0,0.0,False,False,0.0
5ab56e32554299637185c594,Are Random House Tower and 888 7th Avenue both used for real estate?,no,graph_rag,GraphRAG global,"**Overview**

Random House Tower and 888 7th Avenue are two office buildings located in New York City. This answer aims to provide a comprehensive overview of these properties, highlighting their ownership structure, uses, and relevant data points.

### Ownership Structure

Both Random House Tower and 888 7th Avenue are owned by Related Companies, a private investment firm led by Stephen M. Ross. No additional information is available about the top 5 record ids regarding this ownership structure.

### Uses of the Properties

The two properties have been used for office space and other purposes. However, no further details are provided in the reports about these uses.

### Data Points

According to the analysts' reports:

* Random House Tower is located at 200 W 57th St. * 888 7th Avenue is located at 111 W 42nd St.

To learn more about the current and past occupants of these buildings, one would need to refer to data points not covered in the provided reports.

### Conclusion

In summary, both Random House Tower and 888 7th Avenue are owned by Related Companies and have been used for office space and other purposes. However, no additional information is available regarding their current or past occupants beyond what is listed above.

### Data: Reports (1), (3)",0.25,0.5,0.0,False,True,0.0
5ab56e32554299637185c594,Are Random House Tower and 888 7th Avenue both used for real estate?,no,graph_local_rag,GraphRAG local,"Yes, both the Random House Tower at 200 Madison Avenue and the 888 7th Avenue building are associated with real estate.

### History of 200 Madison Avenue The Random House Tower is a skyscraper located at 200 Madison Avenue in New York City. Completed in 2011, it serves as the headquarters for the publishing company Random House. The building stands 56 stories tall and has an area of approximately 1.1 million square feet.

### 888 7th Avenue The 888 7th Avenue building is a skyscraper located at 888 7th Avenue in New York City, overlooking Central Park. Completed in 2014, it is the headquarters for Morgan Stanley. The building stands 72 stories tall and has an area of approximately 2.8 million square feet.

Both buildings are notable examples of modern skyscrapers in Manhattan and have been featured in various media outlets due to their prominent locations and associations with major corporations.",0.45,0.9,0.8,False,True,0.0
