winner,winner_label,question_id,question,gold,hotpot_type,score_col,winner_score,runner_up,runner_up_label,runner_up_score,margin,llm_judge,token_f1,exact_match,contains_answer,generative_score
lazygraph_rag,GraphRAG fast/basic,5a85ea095542994775f606a8,"What science fantasy young adult series, told in first person, has a set of companion books narrating the stories of enslaved worlds and alien species?",Animorphs,bridge,composite_score,0.458,semantic_rag,Semantic (vector),0.0,0.458,0.8,0.032,False,True,0.9
lazygraph_rag,GraphRAG fast/basic,5a85b2d95542997b5ce40028,Who was known by his stage name Aladin and helped organizations improve their performance as a consultant?,Eenasul Fateh,bridge,composite_score,0.401,semantic_rag,Semantic (vector),0.125,0.276,0.5,0.103,False,True,0.75
lazygraph_rag,GraphRAG fast/basic,5a87ab905542996e4f3088c1,The arena where the Lewiston Maineiacs played their home games can seat how many people?,"3,677 seated",bridge,composite_score,0.261,semantic_rag,Semantic (vector),0.0,0.261,1.0,0.045,False,False,0.5
lazygraph_rag,GraphRAG fast/basic,5a8b57f25542995d1e6f1371,Were Scott Derrickson and Ed Wood of the same nationality?,yes,comparison,composite_score,0.403,graph_rag,GraphRAG global,0.2,0.203,0.5,0.111,False,True,0.75
semantic_rag,Semantic (vector),5abd94525542992ac4f382d2,2014 S/S is the debut album of a South Korean boy group that was formed by who?,YG Entertainment,bridge,composite_score,1.0,lazygraph_rag,GraphRAG fast/basic,0.464,0.536,1.0,1.0,True,True,1.0
semantic_rag,Semantic (vector),5a8db19d5542994ba4e3dd00,Are Local H and For Against both from the United States?,yes,comparison,composite_score,0.875,lazygraph_rag,GraphRAG fast/basic,0.385,0.49,0.5,1.0,True,True,0.75
semantic_rag,Semantic (vector),5ab29c24554299449642c932,Are Giuseppe Verdi and Ambroise Thomas both Opera composers ?,yes,comparison,composite_score,0.875,lazygraph_rag,GraphRAG fast/basic,0.458,0.417,0.5,1.0,True,True,0.75
semantic_rag,Semantic (vector),5adbf0a255429947ff17385a,Are the Laleli Mosque and Esma Sultan Mansion located in the same neighborhood?,no,comparison,composite_score,0.625,graph_rag,GraphRAG global,0.25,0.375,0.5,0.0,True,True,0.75
semantic_rag,Semantic (vector),5ab56e32554299637185c594,Are Random House Tower and 888 7th Avenue both used for real estate?,no,comparison,composite_score,0.625,graph_rag,GraphRAG global,0.45,0.175,0.5,0.0,True,True,0.75
